crop_name,image_filename,status,note
Black gram,black_gram.svg,placeholder,Replace with a verified/licensed crop photograph before final deployment.
Castor,castor.svg,placeholder,Replace with a verified/licensed crop photograph before final deployment.
Cholam,cholam.svg,placeholder,Replace with a verified/licensed crop photograph before final deployment.
Cotton,cotton.svg,placeholder,Replace with a verified/licensed crop photograph before final deployment.
Cumbu,cumbu.svg,placeholder,Replace with a verified/licensed crop photograph before final deployment.
Gingelly,gingelly.svg,placeholder,Replace with a verified/licensed crop photograph before final deployment.
Green gram,green_gram.svg,placeholder,Replace with a verified/licensed crop photograph before final deployment.
Groundnut,groundnut.svg,placeholder,Replace with a verified/licensed crop photograph before final deployment.
Horse gram,horse_gram.svg,placeholder,Replace with a verified/licensed crop photograph before final deployment.
Maize,maize.svg,placeholder,Replace with a verified/licensed crop photograph before final deployment.
Paddy,paddy.svg,placeholder,Replace with a verified/licensed crop photograph before final deployment.
Ragi,ragi.svg,placeholder,Replace with a verified/licensed crop photograph before final deployment.
Red gram,red_gram.svg,placeholder,Replace with a verified/licensed crop photograph before final deployment.
Rice,rice.svg,placeholder,Replace with a verified/licensed crop photograph before final deployment.
Sugarcane,sugarcane.svg,placeholder,Replace with a verified/licensed crop photograph before final deployment.
Top 1 Crop,top_1_crop.svg,placeholder,Replace with a verified/licensed crop photograph before final deployment.
Top 2 Crop,top_2_crop.svg,placeholder,Replace with a verified/licensed crop photograph before final deployment.
Top 3 Crop,top_3_crop.svg,placeholder,Replace with a verified/licensed crop photograph before final deployment.
Top 4 Crop,top_4_crop.svg,placeholder,Replace with a verified/licensed crop photograph before final deployment.
Top 5 Crop,top_5_crop.svg,placeholder,Replace with a verified/licensed crop photograph before final deployment.
