District,Agro_Climatic_Zone_2021_22,Major_Soil_Types_2021_22,Data_Year,Paddy_Area_ha_2021_22,Cholam_Area_ha_2021_22,Cumbu_Area_ha_2021_22,Ragi_Area_ha_2021_22,Maize_Area_ha_2021_22,Red_gram_Area_ha_2021_22,Green_gram_Area_ha_2021_22,Black_gram_Area_ha_2021_22,Horse_gram_Area_ha_2021_22,Sugarcane_Area_ha_2021_22,Cotton_Area_ha_2021_22,Groundnut_Area_ha_2021_22,Gingelly_Area_ha_2021_22,Castor_Area_ha_2021_22,Top_1_Crop,Top_2_Crop,Top_3_Crop,Top_4_Crop,Top_5_Crop,Top_1_Crop_Area_ha_2021_22,Top_2_Crop_Area_ha_2021_22,Top_3_Crop_Area_ha_2021_22,Top_4_Crop_Area_ha_2021_22,Top_5_Crop_Area_ha_2021_22,Data_Use,Primary_Source,Source_Notes
Chennai,Not assigned in 2021-22 agro-climatic table,Not specified in zone table,2021-22,126,0,0,0,0,0,0,3,0,0,0,0,3,0,Paddy,Black_gram,Gingelly,,,126,3,3,0,0,Regional crop profile / ranking by observed cultivated area; not an ML probability,"Government of Tamil Nadu, Statistical Handbook 2021-22, Agriculture tables 4.1 and 4.4",Principal-crop area by district; horticultural/minor crops are not fully represented in these principal-crop columns.
Kancheepuram,North Eastern,Red Sandy Loam; Clay Loam; Saline Coastal Alluvium,2021-22,50867,0,0,27,6,2,452,476,1,685,0,2119,291,0,Paddy,Groundnut,Sugarcane,Black_gram,Green_gram,50867,2119,685,476,452,Regional crop profile / ranking by observed cultivated area; not an ML probability,"Government of Tamil Nadu, Statistical Handbook 2021-22, Agriculture tables 4.1 and 4.4",Principal-crop area by district; horticultural/minor crops are not fully represented in these principal-crop columns.
Chengalpattu,North Eastern,Red Sandy Loam; Clay Loam; Saline Coastal Alluvium,2021-22,55003,5,19,164,17,15,15,1724,0,868,21,7956,723,0,Paddy,Groundnut,Black_gram,Sugarcane,Gingelly,55003,7956,1724,868,723,Regional crop profile / ranking by observed cultivated area; not an ML probability,"Government of Tamil Nadu, Statistical Handbook 2021-22, Agriculture tables 4.1 and 4.4",Principal-crop area by district; horticultural/minor crops are not fully represented in these principal-crop columns.
Thiruvallur,North Eastern,Red Sandy Loam; Clay Loam; Saline Coastal Alluvium,2021-22,103712,2,474,153,5,9,11315,1258,8,4004,0,6010,1973,13,Paddy,Green_gram,Groundnut,Sugarcane,Gingelly,103712,11315,6010,4004,1973,Regional crop profile / ranking by observed cultivated area; not an ML probability,"Government of Tamil Nadu, Statistical Handbook 2021-22, Agriculture tables 4.1 and 4.4",Principal-crop area by district; horticultural/minor crops are not fully represented in these principal-crop columns.
Cuddalore,North Eastern; Cauvery Delta (part),Red Sandy Loam; Clay Loam; Saline Coastal Alluvium; Red Loamy/Alluvium,2021-22,142741,61,5464,43,23099,8,12118,44233,3,15406,4835,10863,3029,6,Paddy,Black_gram,Maize,Sugarcane,Green_gram,142741,44233,23099,15406,12118,Regional crop profile / ranking by observed cultivated area; not an ML probability,"Government of Tamil Nadu, Statistical Handbook 2021-22, Agriculture tables 4.1 and 4.4",Principal-crop area by district; horticultural/minor crops are not fully represented in these principal-crop columns.
Viluppuram,North Eastern,Red Sandy Loam; Clay Loam; Saline Coastal Alluvium,2021-22,116855,50,9525,755,513,5,991,28574,0,13196,152,30223,1871,0,Paddy,Groundnut,Black_gram,Sugarcane,Cumbu,116855,30223,28574,13196,9525,Regional crop profile / ranking by observed cultivated area; not an ML probability,"Government of Tamil Nadu, Statistical Handbook 2021-22, Agriculture tables 4.1 and 4.4",Principal-crop area by district; horticultural/minor crops are not fully represented in these principal-crop columns.
Kallakurichi,North Eastern,Red Sandy Loam; Clay Loam; Saline Coastal Alluvium,2021-22,64327,4,19569,140,18790,13,14,40086,22,24747,5320,8047,5296,6,Paddy,Black_gram,Sugarcane,Cumbu,Maize,64327,40086,24747,19569,18790,Regional crop profile / ranking by observed cultivated area; not an ML probability,"Government of Tamil Nadu, Statistical Handbook 2021-22, Agriculture tables 4.1 and 4.4",Principal-crop area by district; horticultural/minor crops are not fully represented in these principal-crop columns.
Vellore,North Eastern,Red Sandy Loam; Clay Loam; Saline Coastal Alluvium,2021-22,9677,2425,335,1043,388,4114,680,1643,1950,1097,26,14588,14,14,Groundnut,Paddy,Red_gram,Cholam,Horse_gram,14588,9677,4114,2425,1950,Regional crop profile / ranking by observed cultivated area; not an ML probability,"Government of Tamil Nadu, Statistical Handbook 2021-22, Agriculture tables 4.1 and 4.4",Principal-crop area by district; horticultural/minor crops are not fully represented in these principal-crop columns.
Ranipet,North Eastern,Red Sandy Loam; Clay Loam; Saline Coastal Alluvium,2021-22,44465,27,72,696,1,708,1235,2086,13,1271,13,9106,238,0,Paddy,Groundnut,Black_gram,Sugarcane,Green_gram,44465,9106,2086,1271,1235,Regional crop profile / ranking by observed cultivated area; not an ML probability,"Government of Tamil Nadu, Statistical Handbook 2021-22, Agriculture tables 4.1 and 4.4",Principal-crop area by district; horticultural/minor crops are not fully represented in these principal-crop columns.
Tirupathur,North Eastern,Red Sandy Loam; Clay Loam; Saline Coastal Alluvium,2021-22,10515,4275,1261,3474,1258,5580,277,658,8322,576,3106,12435,84,168,Groundnut,Paddy,Horse_gram,Red_gram,Cholam,12435,10515,8322,5580,4275,Regional crop profile / ranking by observed cultivated area; not an ML probability,"Government of Tamil Nadu, Statistical Handbook 2021-22, Agriculture tables 4.1 and 4.4",Principal-crop area by district; horticultural/minor crops are not fully represented in these principal-crop columns.
Tiruvannamalai,North Eastern,Red Sandy Loam; Clay Loam; Saline Coastal Alluvium,2021-22,184422,32,3626,4036,1528,1583,2062,42999,3314,17137,1350,76234,1980,14,Paddy,Groundnut,Black_gram,Sugarcane,Ragi,184422,76234,42999,17137,4036,Regional crop profile / ranking by observed cultivated area; not an ML probability,"Government of Tamil Nadu, Statistical Handbook 2021-22, Agriculture tables 4.1 and 4.4",Principal-crop area by district; horticultural/minor crops are not fully represented in these principal-crop columns.
Salem,North Western,Non-Calcareous Red; Non-Calcareous Brown; Calcareous Black,2021-22,25728,61383,777,5988,39917,1880,7469,4493,4894,5325,10462,24394,2072,849,Cholam,Maize,Paddy,Groundnut,Cotton,61383,39917,25728,24394,10462,Regional crop profile / ranking by observed cultivated area; not an ML probability,"Government of Tamil Nadu, Statistical Handbook 2021-22, Agriculture tables 4.1 and 4.4",Principal-crop area by district; horticultural/minor crops are not fully represented in these principal-crop columns.
Namakkal,North Western; Western (part),Non-Calcareous Red; Non-Calcareous Brown; Calcareous Black; Red Loamy; Black,2021-22,10753,76473,107,356,4895,718,3913,3085,1263,10072,2672,32656,750,1782,Cholam,Groundnut,Paddy,Sugarcane,Maize,76473,32656,10753,10072,4895,Regional crop profile / ranking by observed cultivated area; not an ML probability,"Government of Tamil Nadu, Statistical Handbook 2021-22, Agriculture tables 4.1 and 4.4",Principal-crop area by district; horticultural/minor crops are not fully represented in these principal-crop columns.
Dharmapuri,North Western,Non-Calcareous Red; Non-Calcareous Brown; Calcareous Black,2021-22,26024,31779,234,14533,4129,12363,2179,5905,8747,2665,5304,16000,41,618,Cholam,Paddy,Groundnut,Ragi,Red_gram,31779,26024,16000,14533,12363,Regional crop profile / ranking by observed cultivated area; not an ML probability,"Government of Tamil Nadu, Statistical Handbook 2021-22, Agriculture tables 4.1 and 4.4",Principal-crop area by district; horticultural/minor crops are not fully represented in these principal-crop columns.
Krishnagiri,North Western,Non-Calcareous Red; Non-Calcareous Brown; Calcareous Black,2021-22,28403,4332,897,38319,1259,11805,1195,2479,16754,438,1424,14683,625,1002,Ragi,Paddy,Horse_gram,Groundnut,Red_gram,38319,28403,16754,14683,11805,Regional crop profile / ranking by observed cultivated area; not an ML probability,"Government of Tamil Nadu, Statistical Handbook 2021-22, Agriculture tables 4.1 and 4.4",Principal-crop area by district; horticultural/minor crops are not fully represented in these principal-crop columns.
Coimbatore,Western,Red Loamy; Black,2021-22,1308,24876,291,25,3433,139,436,515,1875,436,346,3768,254,11,Cholam,Groundnut,Maize,Horse_gram,Paddy,24876,3768,3433,1875,1308,Regional crop profile / ranking by observed cultivated area; not an ML probability,"Government of Tamil Nadu, Statistical Handbook 2021-22, Agriculture tables 4.1 and 4.4",Principal-crop area by district; horticultural/minor crops are not fully represented in these principal-crop columns.
Tiruppur,Western,Red Loamy; Black,2021-22,11578,36267,166,3,20961,98,1691,2109,8407,3484,1084,8527,233,54,Cholam,Maize,Paddy,Groundnut,Horse_gram,36267,20961,11578,8527,8407,Regional crop profile / ranking by observed cultivated area; not an ML probability,"Government of Tamil Nadu, Statistical Handbook 2021-22, Agriculture tables 4.1 and 4.4",Principal-crop area by district; horticultural/minor crops are not fully represented in these principal-crop columns.
Erode,Western,Red Loamy; Black,2021-22,30451,63,173,4102,15912,1621,660,1477,1758,18124,1144,20584,3810,450,Paddy,Groundnut,Sugarcane,Maize,Ragi,30451,20584,18124,15912,4102,Regional crop profile / ranking by observed cultivated area; not an ML probability,"Government of Tamil Nadu, Statistical Handbook 2021-22, Agriculture tables 4.1 and 4.4",Principal-crop area by district; horticultural/minor crops are not fully represented in these principal-crop columns.
Tiruchirappalli,Cauvery Delta,Red Loamy (New Delta); Alluvium (Old Delta),2021-22,65100,31386,53,8,18339,1710,1086,6178,304,1798,11420,8366,1434,825,Paddy,Cholam,Maize,Cotton,Groundnut,65100,31386,18339,11420,8366,Regional crop profile / ranking by observed cultivated area; not an ML probability,"Government of Tamil Nadu, Statistical Handbook 2021-22, Agriculture tables 4.1 and 4.4",Principal-crop area by district; horticultural/minor crops are not fully represented in these principal-crop columns.
Karur,Western (part); Cauvery Delta (part),Red Loamy; Black; Red Loamy (New Delta); Alluvium (Old Delta),2021-22,14959,23911,228,7,842,1767,275,2747,4180,1236,393,3521,3261,47,Cholam,Paddy,Horse_gram,Groundnut,Gingelly,23911,14959,4180,3521,3261,Regional crop profile / ranking by observed cultivated area; not an ML probability,"Government of Tamil Nadu, Statistical Handbook 2021-22, Agriculture tables 4.1 and 4.4",Principal-crop area by district; horticultural/minor crops are not fully represented in these principal-crop columns.
Perambalur,Western,Red Loamy; Black,2021-22,8925,202,151,3,67183,330,11,978,1,3454,10327,1978,398,173,Maize,Cotton,Paddy,Sugarcane,Groundnut,67183,10327,8925,3454,1978,Regional crop profile / ranking by observed cultivated area; not an ML probability,"Government of Tamil Nadu, Statistical Handbook 2021-22, Agriculture tables 4.1 and 4.4",Principal-crop area by district; horticultural/minor crops are not fully represented in these principal-crop columns.
Ariyalur,Western (part); Cauvery Delta (part),Red Loamy; Black; Red Loamy (New Delta); Alluvium (Old Delta),2021-22,26160,28,1265,11,18130,159,6,9667,1,4417,7416,12482,1906,96,Paddy,Maize,Groundnut,Black_gram,Cotton,26160,18130,12482,9667,7416,Regional crop profile / ranking by observed cultivated area; not an ML probability,"Government of Tamil Nadu, Statistical Handbook 2021-22, Agriculture tables 4.1 and 4.4",Principal-crop area by district; horticultural/minor crops are not fully represented in these principal-crop columns.
Pudukkottai,Cauvery Delta (part),Red Loamy (New Delta); Alluvium (Old Delta),2021-22,109299,22,11,26,1766,188,2,4114,3,1875,194,11452,1745,2,Paddy,Groundnut,Black_gram,Sugarcane,Maize,109299,11452,4114,1875,1766,Regional crop profile / ranking by observed cultivated area; not an ML probability,"Government of Tamil Nadu, Statistical Handbook 2021-22, Agriculture tables 4.1 and 4.4",Principal-crop area by district; horticultural/minor crops are not fully represented in these principal-crop columns.
Thanjavur,Cauvery Delta,Red Loamy (New Delta); Alluvium (Old Delta),2021-22,218722,24,0,4,930,10,1446,35259,0,3428,3101,8701,6516,1,Paddy,Black_gram,Groundnut,Gingelly,Sugarcane,218722,35259,8701,6516,3428,Regional crop profile / ranking by observed cultivated area; not an ML probability,"Government of Tamil Nadu, Statistical Handbook 2021-22, Agriculture tables 4.1 and 4.4",Principal-crop area by district; horticultural/minor crops are not fully represented in these principal-crop columns.
Thiruvarur,Cauvery Delta,Red Loamy (New Delta); Alluvium (Old Delta),2021-22,205795,4,0,0,21,5,39515,20700,0,76,16427,2052,1866,0,Paddy,Green_gram,Black_gram,Cotton,Groundnut,205795,39515,20700,16427,2052,Regional crop profile / ranking by observed cultivated area; not an ML probability,"Government of Tamil Nadu, Statistical Handbook 2021-22, Agriculture tables 4.1 and 4.4",Principal-crop area by district; horticultural/minor crops are not fully represented in these principal-crop columns.
Nagapattinam,Cauvery Delta,Red Loamy (New Delta); Alluvium (Old Delta),2021-22,78205,0,0,1,0,0,24145,3214,0,0,1559,1467,2204,0,Paddy,Green_gram,Black_gram,Gingelly,Cotton,78205,24145,3214,2204,1559,Regional crop profile / ranking by observed cultivated area; not an ML probability,"Government of Tamil Nadu, Statistical Handbook 2021-22, Agriculture tables 4.1 and 4.4",Principal-crop area by district; horticultural/minor crops are not fully represented in these principal-crop columns.
Mayiladuthurai,Cauvery Delta,Red Loamy (New Delta); Alluvium (Old Delta),2021-22,107803,4,0,8,37,0,20856,23515,0,305,5056,1075,392,0,Paddy,Black_gram,Green_gram,Cotton,Groundnut,107803,23515,20856,5056,1075,Regional crop profile / ranking by observed cultivated area; not an ML probability,"Government of Tamil Nadu, Statistical Handbook 2021-22, Agriculture tables 4.1 and 4.4",Principal-crop area by district; horticultural/minor crops are not fully represented in these principal-crop columns.
Madurai,Southern,Coastal Alluvium; Black; Red Sandy Soil; Deep Red Soil,2021-22,59473,9436,413,10,21409,1771,2500,1411,17,1634,8737,2480,180,24,Paddy,Maize,Cholam,Cotton,Green_gram,59473,21409,9436,8737,2500,Regional crop profile / ranking by observed cultivated area; not an ML probability,"Government of Tamil Nadu, Statistical Handbook 2021-22, Agriculture tables 4.1 and 4.4",Principal-crop area by district; horticultural/minor crops are not fully represented in these principal-crop columns.
Theni,Western (part),Red Loamy; Black,2021-22,13302,8891,1297,15,6032,781,554,1024,626,2770,2846,2260,807,115,Paddy,Cholam,Maize,Cotton,Sugarcane,13302,8891,6032,2846,2770,Regional crop profile / ranking by observed cultivated area; not an ML probability,"Government of Tamil Nadu, Statistical Handbook 2021-22, Agriculture tables 4.1 and 4.4",Principal-crop area by district; horticultural/minor crops are not fully represented in these principal-crop columns.
Dindigul,Western (part); Hilly around Kodaikanal,Red Loamy; Black; Lateritic in Kodaikanal,2021-22,12750,49090,265,11,27649,419,1099,5552,2964,1991,4309,5591,190,19,Cholam,Maize,Paddy,Groundnut,Black_gram,49090,27649,12750,5591,5552,Regional crop profile / ranking by observed cultivated area; not an ML probability,"Government of Tamil Nadu, Statistical Handbook 2021-22, Agriculture tables 4.1 and 4.4",Principal-crop area by district; horticultural/minor crops are not fully represented in these principal-crop columns.
Ramanathapuram,Southern,Coastal Alluvium; Black; Red Sandy Soil; Deep Red Soil,2021-22,136340,5529,1015,202,441,1,641,3968,2,114,9242,3128,1412,1,Paddy,Cotton,Cholam,Black_gram,Groundnut,136340,9242,5529,3968,3128,Regional crop profile / ranking by observed cultivated area; not an ML probability,"Government of Tamil Nadu, Statistical Handbook 2021-22, Agriculture tables 4.1 and 4.4",Principal-crop area by district; horticultural/minor crops are not fully represented in these principal-crop columns.
Virudhunagar,Southern,Coastal Alluvium; Black; Red Sandy Soil; Deep Red Soil,2021-22,28965,13506,1805,49,34320,491,2510,4005,18,1207,19858,4561,1035,82,Maize,Paddy,Cotton,Cholam,Groundnut,34320,28965,19858,13506,4561,Regional crop profile / ranking by observed cultivated area; not an ML probability,"Government of Tamil Nadu, Statistical Handbook 2021-22, Agriculture tables 4.1 and 4.4",Principal-crop area by district; horticultural/minor crops are not fully represented in these principal-crop columns.
Sivagangai,Southern,Coastal Alluvium; Black; Red Sandy Soil; Deep Red Soil,2021-22,84041,33,5,196,40,27,15,1392,100,1873,657,2220,94,3,Paddy,Groundnut,Sugarcane,Black_gram,Cotton,84041,2220,1873,1392,657,Regional crop profile / ranking by observed cultivated area; not an ML probability,"Government of Tamil Nadu, Statistical Handbook 2021-22, Agriculture tables 4.1 and 4.4",Principal-crop area by district; horticultural/minor crops are not fully represented in these principal-crop columns.
Tirunelveli,Southern,Coastal Alluvium; Black; Red Sandy Soil; Deep Red Soil,2021-22,52720,247,0,2,351,0,113,10012,2,31,746,676,17,1,Paddy,Black_gram,Cotton,Groundnut,Maize,52720,10012,746,676,351,Regional crop profile / ranking by observed cultivated area; not an ML probability,"Government of Tamil Nadu, Statistical Handbook 2021-22, Agriculture tables 4.1 and 4.4",Principal-crop area by district; horticultural/minor crops are not fully represented in these principal-crop columns.
Tenkasi,Southern,Coastal Alluvium; Black; Red Sandy Soil; Deep Red Soil,2021-22,46519,3799,50,4,15346,1,1862,32981,1,2252,2855,827,508,15,Paddy,Black_gram,Maize,Cholam,Cotton,46519,32981,15346,3799,2855,Regional crop profile / ranking by observed cultivated area; not an ML probability,"Government of Tamil Nadu, Statistical Handbook 2021-22, Agriculture tables 4.1 and 4.4",Principal-crop area by district; horticultural/minor crops are not fully represented in these principal-crop columns.
Thoothukudi,Southern,Coastal Alluvium; Black; Red Sandy Soil; Deep Red Soil,2021-22,19616,9057,10408,18,51126,8,20844,56383,1,1,5505,1359,214,15,Black_gram,Maize,Green_gram,Paddy,Cumbu,56383,51126,20844,19616,10408,Regional crop profile / ranking by observed cultivated area; not an ML probability,"Government of Tamil Nadu, Statistical Handbook 2021-22, Agriculture tables 4.1 and 4.4",Principal-crop area by district; horticultural/minor crops are not fully represented in these principal-crop columns.
The Nilgiris,Hilly,Lateritic,2021-22,159,0,0,2,3,0,0,0,0,0,0,0,0,0,Paddy,Maize,Ragi,,,159,3,2,0,0,Regional crop profile / ranking by observed cultivated area; not an ML probability,"Government of Tamil Nadu, Statistical Handbook 2021-22, Agriculture tables 4.1 and 4.4",Principal-crop area by district; horticultural/minor crops are not fully represented in these principal-crop columns.
Kanniyakumari,High Rainfall,Saline Coastal; Alluvium; Deep Red Loam,2021-22,11461,0,0,0,0,0,1,344,0,0,0,10,1,0,Paddy,Black_gram,Groundnut,Green_gram,Gingelly,11461,344,10,1,1,Regional crop profile / ranking by observed cultivated area; not an ML probability,"Government of Tamil Nadu, Statistical Handbook 2021-22, Agriculture tables 4.1 and 4.4",Principal-crop area by district; horticultural/minor crops are not fully represented in these principal-crop columns.
